Id,ORGANIZATION,NAME,GENDER,SPECIALITY,ADDRESS,CITY,STATE,ZIP,LAT,LON,ENCOUNTERS,PROCEDURES
6e3f59d7-742a-3b38-a4b1-1b471ed651a2,74ab949d-17ac-3309-83a0-13b4405c66aa,Gabriel934 Reilly981,F,GENERAL PRACTICE,881 Main Street,Fitchburg,MA,01420,42.586487,-71.80521,131,0
63bf819f-a8ee-3bc1-b34a-787fe8e8e4dc,588f6ce6-b8db-3588-8189-29db2680a313,Terence292 Brakus656,M,GENERAL PRACTICE,461 WALNUT AVE,JAMAICA PLAIN,MA,021302331,42.311587599999996,-71.09800136347226,30,0
ec207479-d18d-3b2d-9f80-f76ba864aefb,e09d4c49-c2ef-3b0f-9a46-3719d9219306,Jules135 Emard19,M,GENERAL PRACTICE,60 HOSPITAL RD,LEOMINSTER,MA,014533290,42.54031915,-71.76312990486304,8,0
f751fb18-fa7d-346e-8b95-7b8cb0dbcf32,aa682136-a4df-3942-9f50-e6fcee6c0b73,Precious140 Runolfsson901,F,GENERAL PRACTICE,501 CORDWAINER DRIVE,NORWELL,MA,020611630,42.1647071,-70.88149077838713,12,0
5afd05ef-bd29-32bc-bb4f-a17144628cbd,ab701a70-a658-340e-8f69-ee196a7d40c6,Eduardo902 Villegas15,M,GENERAL PRACTICE,484 RTE 134,WORCESTER,MA,016071728,42.2625621,-71.8018877,3,0
3c53a583-278f-3c13-8b2f-06711de4974a,11ba6a26-59b4-3728-a268-6dc9929962b4,Angelic427 McCullough561,F,GENERAL PRACTICE,200 GOVERNORS AVENUE,MEDFORD,MA,021551644,42.42711615,-71.1121606632448,2,0
769c3cfd-173e-3f2d-bfc4-eb38a8b17b8c,8a2e2731-3240-39d1-b4f0-cad14200937d,Randa356 Ritchie586,F,GENERAL PRACTICE,88 WASHINGTON ST,TAUNTON,MA,027802465,41.9062805,-71.09518121351795,28,0
87316e85-6486-354a-8857-553ff2225e80,30ff462c-c7a9-3b0e-9e41-a6af0433996e,Mariah942 Hilpert278,F,GENERAL PRACTICE,1188 PARKER ST,SPRINGFIELD,MA,01129,42.1166398,-72.4991848,20,0
307c7d3f-aa41-372e-baf9-07af533eb023,667b46fe-0afa-3f70-a311-bbe3d52db050,Joshua658 Borer986,M,GENERAL PRACTICE,757 BOSTON POST RD,WORCESTER,MA,016071728,42.231371,-72.165386,1,0
0c8d789f-c0bf-39fb-88c2-0d99adf17a17,a4af40b8-0ddb-34bb-ae4a-95a17e9ad6f3,Tambra47 Heaney114,F,GENERAL PRACTICE,100 MYLES STANDISH BOULEVARD  SUITE 103,TAUNTON,MA,027807340,41.948930849999996,-71.14141318475193,1,0
570ba407-b784-3d9e-beb9-3d3896ac08a3,643eac8e-1620-3b6a-b9f3-664b003d22cd,Lasonya941 Kiehn525,F,GENERAL PRACTICE,34 GIFFORD ST,NEW BEDFORD,MA,027442610,41.6177929,-70.91890087055067,47,0
8a6957bf-85f8-3294-abac-b4cfbe15c481,8e3ca57f-6f74-3d61-9803-ab1424290216,Humberto482 Mann644,M,GENERAL PRACTICE,89 MORTON STREET,ANDOVER,MA,018102036,42.6551409,-71.12857340697036,1,0
df9bb67f-28eb-360c-8b99-193b6d20d724,5fcff9db-16e4-3e56-aa78-abbc16338097,Margene509 Schamberger479,F,GENERAL PRACTICE,295 VARNUM AVE,WESTFORD,MA,018863513,42.5792583,-71.4378411,64,0
cf41bc60-ba7a-3cdb-be18-34a408a4e131,fa09396a-2926-3b21-ad0c-9f6cabbce0eb,Brigitte394 Bartoletti50,F,GENERAL PRACTICE,1210 BOSTON PROVIDENCE TPKE,NORWOOD,MA,020625061,42.1714075,-71.1951186,1,0
05960a4f-b787-3b5a-9278-2c1f0bc220b4,4cb90b5f-734d-322f-a2f2-776824e1ce35,Irvin970 Emard19,M,GENERAL PRACTICE,770 CONVERSE STREET,LONGMEADOW,MA,011061719,42.0639853,-72.5521444,4,0
48f3f15f-168f-32f9-80c2-4f80ff495a1f,c272e12f-e154-3fee-b05d-b7c0cab2657d,Shasta644 King743,F,GENERAL PRACTICE,800 WASHINGTON ST,NORWOOD,MA,020623487,42.1886973,-71.2005241,59,0
a58d2902-f1de-397b-99e9-738373a4884f,ca1c0a76-f601-3a1c-a448-689cd3d56bb1,Livia401 Rippin620,F,GENERAL PRACTICE,96 FOREST STREET,PEABODY,MA,019603907,42.528469349999995,-70.95557442492182,5,0
4b3ef8fe-5118-39f7-bfe2-7e67645f8259,e49b692f-cccc-3cd5-93df-6db63dfc3e4a,Rolland302 Lemke654,M,GENERAL PRACTICE,1250 HANCOCK ST STE 104N,QUINCY,MA,02169,42.2517569,-71.0033967,34,0
eca08e67-51b2-3d06-8ef9-5ed0adf0c9f5,02c936e2-3aee-38b2-88a4-81f3689b7bb7,Royce974 Kohler843,F,GENERAL PRACTICE,120 FISHER AVENUE,BOSTON,MA,021203320,42.3276141,-71.1051603,2,0
d754fa9e-96d1-33a6-a9a0-44901ec2d431,609ec9f1-e806-3427-b912-9e3b2915521d,Cherrie404 Conn188,F,GENERAL PRACTICE,575 BEECH STREET,HOLYOKE,MA,010406604,42.20105435,-72.628169560868,2,0
1ba90ca8-338a-3879-88af-76486664ab80,5fa5e611-be3d-3ebb-8f71-124325f6005f,Isiah14 Nikolaus26,M,GENERAL PRACTICE,480 ROUTE 6A,EAST SANDWICH,MA,025371438,41.742172,-70.45251,40,0
99c98fea-06bb-3cd4-94c2-4ecf3585bc3d,a14e698d-a9ba-3eae-9c8b-682ec726433d,Germán350 Dueñas839,M,GENERAL PRACTICE,776 WESTERN AVE,LYNN,MA,019052408,42.466763,-70.9494939,16,0
8bed6956-6d51-3b03-984b-4681132a2c25,c3a898a1-c269-39b4-80d7-accb96a03bbc,Keith571 Friesen796,F,GENERAL PRACTICE,32 CHESTNUT ST,EAST LONGMEADOW,MA,010282803,42.0532618,-72.50214900582449,3,0
e8eabc0e-85f4-3cad-91bc-ef95f6d828f7,5ba6765a-f335-36b0-9c6a-6bb494c5330d,Clemente531 Schamberger479,M,GENERAL PRACTICE,31 OLD ROUTE 7,WESTWOOD,MA,020902333,42.2139873,-71.2244987,9,0
c83b9a93-650e-3ebe-951f-75463ea3f8bd,b6eeaaf7-1683-3bcb-b6ee-81ce304636ef,Ariane992 Pagac496,F,GENERAL PRACTICE,170 GOVERNORS AVE,MELROSE,MA,021763225,42.4564323,-71.064182,169,0
873b5ad7-f3cc-376c-84cd-19510a2015a2,12dc66ee-e2c7-3d5a-892e-157ff1d47f32,Venice604 Rogahn59,F,GENERAL PRACTICE,242 GREEN ST,WINCHENDON,MA,014751820,42.68061,-72.060691,23,0
91750f7e-86fd-3903-8ddf-5ac82df9e216,b03b624d-c939-3688-986d-9555b8009a3b,Trinity427 Hartmann983,F,GENERAL PRACTICE,230 MAPLE ST,HOLYOKE,MA,010405144,42.207406,-72.608419,26,0
a9a4676a-e232-3eef-a874-e7af0fa54350,ea153d0a-9ccc-3769-9a25-934b417071b7,Tashina114 Towne435,F,GENERAL PRACTICE,463 WORCESTER RD,FRAMINGHAM,MA,017015354,42.3095704,-71.4413097,7,0
025993fd-da1c-3937-8fee-1c9b7f6d4ae9,18061fd5-fda8-3e2d-87f0-0f3c87211bcc,Margarite168 Koepp521,F,GENERAL PRACTICE,1493 CAMBRIDGE ST,SOMERVILLE,MA,021431408,42.3875968,-71.0994968,34,0
36558e97-d79a-3b35-ae92-b28f7b18c936,7489f6e0-fee6-3fff-90b6-444868eb907c,Mariette443 Rau926,F,GENERAL PRACTICE,1 KIDDIE DRIVE  SUITE 106,AVON,MA,023221182,42.130150349999994,-71.05720685110387,1,0
abbbe4b2-9958-3d47-86be-959e06b09d61,545dcda5-7471-374e-9251-b4b685197d3c,Teodoro374 Koss676,M,GENERAL PRACTICE,175 CONNORS STREET,GARDNER,MA,014402637,42.5730593,-71.99713285,53,0
a16be134-62ec-3430-9f6d-c4b8d09e9445,fe30f2b4-9bc8-346e-afba-4455d1766545,Wilson960 Turner526,M,GENERAL PRACTICE,17 LAFAYETTE AVENUE,CHELSEA,MA,021502010,42.40019115,-71.03050082480353,6,0
f3942391-189c-3cb1-aea6-9ca5d2045ced,6cf8a214-8d57-3267-85e5-7719e15cd63e,Tomás404 Hinojosa147,M,GENERAL PRACTICE,170 MORTON STREET,JAMAICA PLAIN,MA,021303735,42.299067750000006,-71.10124351911541,105,0
5f59acde-3b63-3d6b-8409-f0b5ec0e545b,b4e81d20-a3d6-39db-8b04-bcc4ab5de7b2,Carri827 Flatley871,F,GENERAL PRACTICE,354 WAVERLY ST,FRAMINGHAM,MA,017027079,42.276938650000005,-71.41386787587439,29,0
d4a8d65b-4580-3425-854d-43dfc64a12db,0fedae9f-701f-3317-9b2f-69aea2202cdc,Willian804 Batz141,M,GENERAL PRACTICE,88 EAST NEWTON STREET,WINTHROP,MA,021522715,42.3750976,-70.982827,108,0
76d24df0-db05-3ecf-916d-7dc6d045ca25,733fc7d0-7cf3-3995-82ef-a9883b807273,Melissa844 Yundt842,F,GENERAL PRACTICE,175 FRANKLIN STREET,NORTH ADAMS,MA,012472712,42.70707,-73.10094536747326,1,0
4a6b09c0-8c2d-3ce6-a4b1-b15eb4a58dd9,9ab139f5-d278-31b4-b44e-feffdea65613,Shayla126 White193,F,GENERAL PRACTICE,88 ROUTE 6A 101,SANDWICH,MA,025631866,41.764922,-70.502215,5,0
1cff83e8-55af-3b10-a1a6-81655311461f,aade280a-3b90-3e48-9648-91109a964a63,Johna806 Klein929,F,GENERAL PRACTICE,909 SUMNER ST,DARTMOUTH,MA,027473826,41.6332267,-70.9879928,256,0
5c069a04-bd31-3d94-b5e3-326bcb5334a6,440fa4b8-c731-3cf5-81d9-aa3f30a37b95,Joanna347 Abbott774,F,GENERAL PRACTICE,41 & 45 MALL ROAD,PEABODY,MA,019602901,42.5278731,-70.9286609,34,0
0a676409-9700-320e-903c-672f5bd5453e,0fab3c4e-a028-39a6-b15a-be5a88b6aa2a,Agustín529 Gaona896,M,GENERAL PRACTICE,222 STATE STREET,LUDLOW,MA,010563437,42.15547415,-72.47222226666076,608,0
48729820-5a30-39c5-86af-e901e59e63e1,545ea18f-060c-389b-98f8-b6943979c207,Olen518 Farrell962,M,GENERAL PRACTICE,6 ESSEX CENTER DR STE 201,PEABODY,MA,019602906,42.539944,-70.950156,53,0
4bd6d0b8-8d71-3a8f-818c-7cd3c65bd335,57e4e5fa-d68d-3caa-a5ad-37beb1b51207,Latrina689 White193,F,GENERAL PRACTICE,800 WASHINGTON ST,NORWOOD,MA,020623487,42.1886973,-71.2005241,5,0
83ca155b-761b-3f03-9b63-f8e282f0acd0,7567027f-af4e-3cd6-b1bf-e764ca3a5866,Rusty501 Rodriguez71,M,GENERAL PRACTICE,215 BICENTENNIAL HWY,SPRINGFIELD,MA,011181962,42.095480800000004,-72.50509214731676,1,0
216b9686-cdda-3f94-90b4-645bf6e4221e,3076e02a-deac-3e81-96a9-1d32cbda6fca,Randy380 Kilback373,F,GENERAL PRACTICE,59 EASTWOOD CIRCLE,GARDNER,MA,014403901,42.567006649999996,-71.97817904424542,21,0
3dd22c02-d5c2-3062-abd2-5594cba1f460,e6cc6043-299a-3581-8f6b-b3b5d62c46ae,Ellen406 Farrell962,F,GENERAL PRACTICE,532 SUMNER AVE,SPRINGFIELD,MA,011082458,42.08631583333334,-72.55792579166666,297,0
b1be9de1-83d0-3f46-9ba3-0925564e16c2,b9e35b8a-9831-32d8-a6dc-d7a546c126b0,Gerardo48 Montez99,M,GENERAL PRACTICE,111 HUNTOON MEMORIAL HIGHWAY  1ST FLOOR,SPRINGFIELD,MA,011092550,42.1018764,-72.5886727,266,0
6198c058-7eec-38b9-82ab-c977feba8867,7a75decf-7d3f-3b0d-8c2b-3abf0a8c7f58,Afton574 Kulas532,F,GENERAL PRACTICE,169 LIBERTY ST,MIDDLETON,MA,019491003,42.615226050000004,-71.0144865346162,22,0
0063abc0-afac-30fa-9777-8398ebb94330,2f735290-1603-31b5-b561-7c8e0d413170,Jolynn62 Adams676,F,GENERAL PRACTICE,100 FOXBOROUGH BLVD STE 230,FOXBOROUGH,MA,020352878,42.041851949999995,-71.23486657070565,34,0
93fffd3d-c4c7-33e8-b4fb-a3ef38516c66,e1818b21-4458-3b9c-b2b8-7ed6f57ae078,Tamisha203 Wilderman619,F,GENERAL PRACTICE,2399 BOSTON ROAD,WILBRAHAM,MA,010951185,42.14668485,-72.45048427046072,36,0
1f5a9553-8d7e-39cd-9f3c-a3ba70277695,8d110f42-6f75-3751-b0c5-b45ab08333a1,Lino542 Feest103,M,GENERAL PRACTICE,88 WASHINGTON ST,TAUNTON,MA,027802465,41.9062805,-71.09518121351795,9,0
fc446d2c-d06d-34f9-ad63-e1c672bb722d,954e01a8-3b27-314e-9c77-254f1ac9c917,Danial835 Lehner980,M,GENERAL PRACTICE,116 Long Pond Road,Plymouth,MA,02360,41.924313,-70.656654,61,0
2b9610d3-827e-3309-9dd6-7d8c973ff774,d140ed3f-2696-3e78-bd77-1c959ec4fc4d,Orpha286 Marks830,F,GENERAL PRACTICE,863 HATHAWAY ROAD,NEW BEDFORD,MA,027401916,41.6512968,-70.9669902070805,9,0
79c3bbc3-4b94-353f-aa36-ff8f3c690a22,d4e48a16-0a60-3e90-81e5-c35b22ffe6af,Elmer371 Kutch271,F,GENERAL PRACTICE,856 STATE RD,NORTH ADAMS,MA,012473027,42.69967208677275,-73.16330754755236,5,0
5db137a8-7233-3f89-a22d-6df8433cef96,bccd7d67-203c-3d93-b6b0-bff5a146cd1d,Paulene52 Kihn564,F,GENERAL PRACTICE,286 WASHINGTON ST,STOUGHTON,MA,020721763,42.1384306,-71.1022598,1,0
e7d4276c-9635-3310-b189-8be867af5807,6e290541-eba3-37fc-a3e2-e58f77e84c7e,Gregory545 Toy286,M,GENERAL PRACTICE,15 LENOX ST.,SPRINGFIELD,MA,011083122,42.085779,-72.55846414285715,75,0
f5b5346a-816f-387e-a65c-0b53c8dcd2ed,263d1b03-1560-3fc3-b93d-c33a0cbd5837,Clemente531 Treutel973,M,GENERAL PRACTICE,10 RIVERSIDE DRIVE  STE 201,LAKEVILLE,MA,023471689,41.8771119,-70.92344635,1,0
01ca6b04-6bf4-3b0c-8a82-8c35a9cf21d5,4e880cb9-1ca0-3582-b8cf-8a59b0d2b878,Haywood675 Bednar518,M,GENERAL PRACTICE,51 S CHURCH ST,PITTSFIELD,MA,012016178,42.44648205,-73.25863241543368,32,0
8182deaf-1658-321d-acb0-4ee063de6981,432821fe-58ed-33eb-823c-b4447a52c7e9,Ignacio928 O'Keefe54,M,GENERAL PRACTICE,1071 VARNUM AVE,LOWELL,MA,018541131,42.64497212195122,-71.36843231707317,2,0
2539db21-4298-3086-8dc2-307d4933a52c,ca62a361-9c79-32d1-92cc-ffc0d5d19679,Sallie654 Barrows492,F,GENERAL PRACTICE,19 HENRY ST,SHARON,MA,020671714,42.109147300000004,-71.20768205338297,40,0
d988e976-a379-3b98-a457-f7121d95e349,0d24cc89-3256-330c-b36d-d8de8babef84,Delicia67 Bernhard322,F,GENERAL PRACTICE,1030 FALMOUTH RD,SOUTH YARMOUTH,MA,026641218,41.6667779,-70.1847414,49,0
83333c2a-e467-3f0d-9c43-9479664c640b,f0e3e152-0b08-3819-b962-b043f63f6dc1,Kirby843 Rippin620,M,GENERAL PRACTICE,1010 VARNUM AVENUE,LOWELL,MA,018541915,42.6422606,-71.36626685573418,10,0
aea236fd-a60a-31cf-a5d9-cf0e17c358b9,c7542447-e06e-32cb-b6db-243c23a0dbc2,Chantell995 Krajcik437,F,GENERAL PRACTICE,30 WARREN ST,BOSTON,MA,021353602,42.3501483,-71.14393324457691,39,0
dc61573e-9a75-386e-9622-9d44e361ba78,9d2a1656-0f4d-30d1-bc63-eb365a05529c,Maynard46 Ward668,M,GENERAL PRACTICE,235 N PEARL ST,BROCKTON,MA,023011794,42.09805395,-71.0609587194362,38,0
ca5e4c28-59f6-3440-ac68-ebdfd6d07909,72f50aa0-d8c9-34dc-ac58-c428323f3bcd,Danuta945 Little434,F,GENERAL PRACTICE,55 FRUIT ST,BOSTON,MA,021142696,42.36286045,-71.06875296664998,32,0
fe07052d-df24-3799-9465-45cc4ec1bd71,eee00932-ca82-36bc-b7e8-e3fff6dbaeaa,Leif534 Hane680,M,GENERAL PRACTICE,450 BROOKLINE AVE,WEYMOUTH,MA,021893141,42.2212188,-70.9391625,363,0
011eaa77-a9f0-31c5-a85e-8d9374553e22,50c7f768-9138-3dae-a67d-953bdf9ad754,Evelia928 Bogisich202,F,GENERAL PRACTICE,125 COUNTY STREET,TAUNTON,MA,027803561,41.8960599,-71.07799243944345,7,0
69df123b-c6c5-3392-b1cb-0e22c1101098,a194e94a-dd16-347e-95ea-8d00052c14d1,Elvera717 Gusikowski974,F,GENERAL PRACTICE,833 MAIN ST,S YARMOUTH,MA,026645254,41.65171785,-70.21464095380932,48,0
ace290f7-8ae3-38a1-adbe-c130fa28a58e,be509ccb-bfb7-3b87-8945-8426b689ef9d,Chong355 Balistreri607,F,GENERAL PRACTICE,2049 DORCHESTER AVENUE,BOSTON,MA,021244742,42.3554334,-71.060511,16,0
8a61431e-763f-36bf-a753-0f0d31cf8636,6c7fe370-02c4-3537-8f5e-373b2168b933,Shon148 Swift555,M,GENERAL PRACTICE,60 HOSPITAL ROAD,LEOMINSTER,MA,014533791,42.54031915,-71.76312990486304,2,0
4519c9c3-12cc-38a4-abf9-86a9bed5de74,8d5880eb-1dd8-31ea-b7c5-21709f3bb341,Nicholle822 Satterfield305,F,GENERAL PRACTICE,50 ROWE ST,MELROSE,MA,021763201,42.4592093,-71.06078096379728,40,0
5faeb772-0798-312b-b20b-c866f9248182,70e3ad4f-b9ff-3f3e-9990-2cd7e23a9d1c,Zane918 Bosco882,M,GENERAL PRACTICE,1238 RIVERDALE ST,WEST SPRINGFIELD,MA,010894675,42.1373438,-72.62624707492338,1,0
039936f5-e03e-34ae-a5e6-031480265a1e,dbe1e521-57da-3855-9aa0-aabadbd17e32,Joline447 Stark857,F,GENERAL PRACTICE,454 WASHINGTON ST,NORWELL,MA,020612050,42.1592792,-70.85480698781902,1,0
b93dcd32-d12d-3976-b10a-7b5550e63c1a,dd280187-8662-3732-af81-595d10572911,Mertie42 Lakin515,F,GENERAL PRACTICE,4499 ACUSHNET AVE,NEW BEDFORD,MA,027454707,41.74026055,-70.9450945705336,81,0
4925e3e3-3057-39db-bb4c-567f2d1f21ce,9d989fcf-4ad9-3972-ada3-f275d967781e,Cristi782 Miller503,F,GENERAL PRACTICE,100 TER HEUN DR,SANDWICH,MA,025632377,41.7579043,-70.4968152,79,0
1b3e95e0-8566-3acd-a08a-2918e66c1dc9,87472bc2-7c23-37cc-8355-7f3e88614b6b,Dean966 Kris249,M,GENERAL PRACTICE,305 MAPLE STREET,EAST LONGMEADOW,MA,010282765,42.059258494749486,-72.53388585052694,29,0
de0d87cd-aba1-3586-a77c-4ade92fd80c9,0519b293-2e92-3eb3-aeef-233da0babc93,Juan88 Friesen796,M,GENERAL PRACTICE,40 PARKHURST ROAD,CHELMSFORD,MA,018241511,42.6198215,-71.36189212971482,2,0
825d0c94-ed96-3fea-bc40-766d201abf42,a730c5e6-a15f-3e36-8112-8579e507d330,Drew592 Ankunding277,M,GENERAL PRACTICE,28 LORD RD,MARLBOROUGH,MA,017524549,42.34718040987546,-71.57283065352654,28,0
2fe240cf-0acb-3973-a613-6447cbe304e2,4ffc4e4b-9d8d-3c30-ad84-fc9a7209da94,Troy560 Carter549,M,GENERAL PRACTICE,4525 ACUSHNET AVENUE,NEW BEDFORD,MA,027454727,41.74080975,-70.94731021257817,10,0
bd309626-6908-360d-b0af-1ace8f83854a,82248deb-13cc-31b2-8764-0233e159a93a,Hank686 Kemmer137,M,GENERAL PRACTICE,19 DEPOT STREET,ADAMS,MA,012201856,42.623644600000006,-73.11852130252683,41,0
b6107dd7-07cd-3027-9a69-d330eeded81d,afc661fd-71d9-3fc3-adf2-3fc3b5e8a140,Hyman89 Schmeler639,M,GENERAL PRACTICE,680 CENTRE ST,RAYNHAM,MA,02767,41.9487118,-71.0731008,53,0
577916b6-3280-30d5-a3ca-6b8e5c66a997,06cc2462-430f-3322-9c87-7e971125f510,Kai187 Mann644,F,GENERAL PRACTICE,133 OLD ROAD TO 9 ACRE COR,WESTFORD,MA,018863198,42.5792583,-71.4378411,59,0
4daaa6bd-67fe-3b89-b3e7-62ab7dccb96a,98bf9e06-f827-310f-8022-35ee33686f76,Ilana185 Torp761,F,GENERAL PRACTICE,204 PROCTOR AVE,REVERE,MA,021514923,42.41420445,-71.0184707933218,1,0
70e66b61-e90d-3ec6-8237-288b18cf9ab0,ee7fab6f-6438-394f-b1f2-3e452f8f055a,Trey250 Satterfield305,M,GENERAL PRACTICE,75 BRIMBAL AVENUE,BEVERLY,MA,019156009,42.570099299999995,-70.87108224250409,17,0
3c53e6a0-f708-3ef8-8638-4e141b33cb03,e52b37d6-60d6-354d-90f9-6e9f9eb1d209,Lyman173 Kshlerin58,M,GENERAL PRACTICE,289 ELM ST,EVERETT,MA,021495228,42.4152341,-71.0348323,1,0
0093d452-d349-3bfe-88a9-585e26d201d9,0fa1cab9-83c1-3c85-b7bc-53d8b922e2f7,Annita733 Frami345,F,GENERAL PRACTICE,115 LINCOLN STREET,WORCESTER,MA,016081216,42.2768165,-71.795274,19,0
624a468f-bd7b-3e5b-ba93-7373c3e33e32,2b97893e-dc50-378b-a266-f089b8450329,Magdalena964 Torphy630,F,GENERAL PRACTICE,250 MOUNT VERNON ST,DORCHESTER,MA,021253120,42.3194571,-71.04610844302991,75,0
663fbc1c-f71b-3958-823a-e442522cd492,3d5fbf38-c781-3e04-8c7e-5a402611b7d4,Vito638 Barton704,M,GENERAL PRACTICE,260 ELM ST,SOMERVILLE,MA,021442951,42.3955992,-71.1227391,28,0
ac085925-3ae5-3048-90be-dcb4d7a6d096,f43f97f2-af04-3ed0-a42e-3681718cc9b2,Dorcas534 Quigley282,F,GENERAL PRACTICE,725 NORTH ST,PITTSFIELD,MA,012014109,42.4600752,-73.2492795834909,3,0
6ae073d5-dec3-3d16-9321-1d236bdd8fee,7ac466c6-7968-33fd-882c-6d5418f88c8a,Alvin56 Hayes766,M,GENERAL PRACTICE,2 MEETING HOUSE RD,CHELMSFORD,MA,018242700,42.60140085,-71.35097894451894,28,0
e3b6450d-a474-3550-9ae2-492403056417,2f67494e-f17e-3248-ba68-3ca42913cca1,Brock407 Bergstrom287,M,GENERAL PRACTICE,184 MAIN STREET,FAIRHAVEN,MA,027193259,41.646106,-70.90865208079187,8,0
fc531c14-3439-348c-90b2-ce781881e0ef,b3f4de6b-901d-3856-ba81-35dc48a63d17,Jeana169 Cronin387,F,GENERAL PRACTICE,451 ANDOVER ST STE 205,NORTH ANDOVER,MA,018455079,42.6734518,-71.1268776,21,0
f97f1aaf-e695-366f-a2da-0480d6724337,936ceb96-2b12-371f-aa68-ee02a9c06f4c,Alan320 Keeling57,M,GENERAL PRACTICE,225 BOSTON ST,LYNN,MA,019043124,42.470497449999996,-70.96003668151566,65,0
5ceef3de-8e50-3c8f-8224-d277539f4100,f1c6e386-ed52-3f97-a2b0-4e21ad2d0966,Rhonda22 Bins636,F,GENERAL PRACTICE,54 COURT ST,TAUNTON,MA,027803201,41.9028629,-71.09718927122583,55,0
df67ad6e-eff7-3909-82b5-9f66965b1cb3,3e97ce4f-3ad7-3cea-883f-e2bb4ca89d83,Fidel864 Swift555,M,GENERAL PRACTICE,30 NEW CROSSING RD,READING,MA,018673270,42.51809619399502,-71.0959083715027,8,0
3af5125b-bde2-30ee-be7e-89b7be9279b2,0f2c58ec-5323-3c0f-9bdf-af0df7eb2a2b,Bernardo699 Nieves278,M,GENERAL PRACTICE,130 DORCHESTER STREET,SOUTH BOSTON,MA,021272642,42.3334312,-71.0494949,16,0
a911a1bc-4762-3c31-be6c-77b8038feaad,c6b019eb-28ec-36f6-abf3-bcc4d1d58966,Maren639 Aufderhar910,F,GENERAL PRACTICE,33 AVON ST,WAKEFIELD,MA,018802310,42.50403445,-71.07462951514611,29,0
c1e9a126-7ba8-3a75-8f5a-1ed294e0f67e,b3312a2d-37e9-35a8-b50d-6c165c437baa,Eliseo499 Reinger292,M,GENERAL PRACTICE,45 DIMOCK ST,ROXBURY,MA,021191029,42.32030665,-71.09721114916246,6,0
a7467ec5-a140-353f-81d0-727ba59e3e67,82c72223-f521-3a34-9b9b-4ff366365399,Shon148 Reinger292,M,GENERAL PRACTICE,2100 DORCHESTER AVENUE,QUINCY,MA,021691870,42.2509914,-71.0037374,6,0
fc7fad8b-0223-36f4-adb7-6796149f734a,15e26ce3-9006-3ce2-9327-493180a15ec1,Luvenia178 Breitenberg711,F,GENERAL PRACTICE,6 GROVE ST,NORWELL,MA,020611534,42.172231693916025,-70.87836493029226,39,0
8ec52105-9e37-3748-a199-89d75e22e690,04b252db-4231-3cb5-963d-6f096fb4b97c,Horace32 Grady603,M,GENERAL PRACTICE,1177 PROVIDENCE HIGHWAY,NORWOOD,MA,020625019,42.194543,-71.1994976,7,0
ec1c946b-bee3-3414-af06-6aaa4c63a287,a94f4f6e-88ad-39ff-a935-dc87f13327b1,Carlos172 Wiza601,M,GENERAL PRACTICE,370 WEST STREET,LEOMINSTER,MA,014532073,42.535877150000005,-71.77537115047085,1,0
cea47cf2-f235-34e1-b91f-2d4432c9a34d,94f6a3ae-7d8d-3cbc-a788-e400732da7e5,Ammie189 Kuvalis369,F,GENERAL PRACTICE,450 WEST RIVER ST,ORANGE,MA,013649603,42.5928702,-72.32953998953418,51,0
e3b2f88e-ca82-397d-9b95-f10242722243,4bde4cbc-55f7-3501-90eb-2c88178c7be1,Ramona980 Zavala169,F,GENERAL PRACTICE,50 MEMORIAL DR,LEOMINSTER,MA,014532238,42.541995,-71.7628835,32,0
1b62d224-0132-379c-af05-d93a791e7f0f,4fa8411f-42f8-3353-8947-bf15254c9dee,Lane844 Gutmann970,F,GENERAL PRACTICE,90 GREENWOOD STREET,WAKEFIELD,MA,018804039,42.476321150000004,-71.06922169005762,4,0
69591f1e-3065-38c5-ad32-e8bad9da13a2,497f39dd-280e-3d58-af5b-c5e3a3a09b10,Randy380 Bergstrom287,F,GENERAL PRACTICE,27 PARK ST,HYANNIS,MA,026015230,41.65363635,-70.27352219234834,78,0
22b09d8c-91fc-3600-9236-87508be1e039,54937333-e7d6-3b48-a8dd-cf60aa38d206,Rod343 Durgan499,M,GENERAL PRACTICE,11 MCGRATH HIGHWAY,QUINCY,MA,021695311,42.2492941,-70.99830205267904,1,0
ad61e373-10cf-342e-98a0-2b37d045d9d7,a525d084-5a8f-3859-a048-2130a4092ec8,Samuel331 Runte676,M,GENERAL PRACTICE,2 MOUNT ROYAL AVENUE  SUITE 350,MARLBOROUGH,MA,017521976,42.34042135,-71.57841367654626,1,0
ea5caa89-b04b-3d2b-aea0-bc86b52a05d4,792f1ce2-3420-3f91-bd8c-ce680ef4c5d2,Ervin886 Leannon79,M,GENERAL PRACTICE,309 DRIFTWAY,SCITUATE,MA,020661905,42.1766448,-70.74318482072749,2,0
47fa77f1-9f40-3b84-9631-73807691c99a,1ab2b5f9-cb95-3236-beec-9b9d4a407c61,Latoria810 Eichmann909,F,GENERAL PRACTICE,725 NORTH ST,PITTSFIELD,MA,012014109,42.4600752,-73.2492795834909,129,0
b10bea43-e10d-3c49-93e1-15af0cfeff55,41e2a44c-477c-3511-96f9-12c476aa3b6a,Antwan357 Lindgren255,M,GENERAL PRACTICE,85 E NEWTON ST,BOSTON,MA,021183553,42.336277100000004,-71.07085295687423,15,0
424cdc0f-1ddb-32d3-b352-61ab9a608a56,9d41e4fc-9507-3ddb-82ad-966046fca031,Esteban536 Torres807,M,GENERAL PRACTICE,104 RANDOLPH ROAD,WORCESTER,MA,016062465,42.29955605000001,-71.79838133819244,4,0
28a6c818-dc4f-3b56-9bfe-7c5754dd1eda,71a1e089-024e-3255-a536-9204586fa4fc,Millard193 Doyle959,M,GENERAL PRACTICE,1 GORHAM IS,WEST YARMOUTH,MA,026733200,41.6501114,-70.2411312,1,0
05ded073-6b6b-370d-a7ae-187e723cafac,5b0cd0a0-f277-3a66-bee6-d64b5be4a3f5,Waldo53 Hintz995,M,GENERAL PRACTICE,725 NORTH ST,PITTSFIELD,MA,012015493,42.4600752,-73.2492795834909,2,0
32e686b9-34c5-3f93-80dd-072048a1f68a,69195f53-626c-3031-b4de-d0b206f75d8c,Hal307 Wiegand701,M,GENERAL PRACTICE,174 FOREST HILLS ST,BOSTON,MA,021303353,42.306401050000005,-71.10237442688054,1,0
2772c1bf-f368-3b84-b45a-556cbb8a4efc,c1986c0c-f756-3596-8f90-08adacf220fe,Cristy798 Auer97,F,GENERAL PRACTICE,73 CHESTNUT STREET,SAUGUS,MA,019061605,42.4573919,-70.9918055,8,0
6cd6fbb4-9dbe-3157-8a45-a04450e714d6,67d2f85b-ddc7-3ed0-b90b-6fa5b7b8358a,Norah104 Jenkins714,F,GENERAL PRACTICE,43 FOUNDRY AVE,WALTHAM,MA,024538313,42.37050535,-71.21908334877376,32,0
73bb53c5-2085-3694-92a3-06b85ce6f13b,e4dbbb2f-5a51-341d-b5a5-dd91b968b217,Errol226 Gaylord332,M,GENERAL PRACTICE,329 WASHINGTON ST,NORWELL,MA,020611737,42.16319935,-70.86354427737673,2,0
2c1b4ede-6884-3661-9bda-3ae0d3ab390f,0d1570ab-371c-3898-9397-95905d8c5166,Santina680 Dicki44,F,GENERAL PRACTICE,750 WASHINGTON ST,BOSTON,MA,021111552,42.3499038,-71.0631836,51,0
e5eece75-edc6-3e62-ba3b-820713f359f6,1853aeef-5897-326a-80d6-aa4b0459eb6d,Kendra609 Kassulke119,F,GENERAL PRACTICE,381 WICKENDEN ST,ATTLEBORO,MA,027032247,41.9438129,-71.2806515,7,0
ce909c10-7ce4-3af1-a5e3-f93e1e6ffa1a,2ca615f3-87f7-3283-a447-d919a883b676,Isaias604 Dickinson688,M,GENERAL PRACTICE,1399 WASHINGTON ST,HANOVER,MA,023391653,42.1441354,-70.8440854,4,0
bc0e732f-32ff-3cab-9904-da719280d674,7f32dd7d-5c35-3ddb-839b-8fbbb930d412,Tyron580 Littel644,M,GENERAL PRACTICE,863 CENTRAL STREET,FRAMINGHAM,MA,017014813,42.30758060362541,-71.42846215724606,1,0
5798dfad-ef55-3553-9d9c-0da3a2e2c701,3f12ebb4-e03c-3453-88d2-4fc9682383df,Erwin847 Stiedemann542,M,GENERAL PRACTICE,726 COUNTY ST,NORTH DARTMOUTH,MA,027473603,41.6389926,-70.9703171,57,0
00546af9-fffa-3d9a-998a-33102676a566,9c9d017c-0a4d-3e03-9802-4d310ea05c71,Isiah14 Schaefer657,M,GENERAL PRACTICE,70 FULTON ST,BOSTON,MA,021091402,42.362439499999994,-71.05377386223965,2,0
a4e2bde1-1b08-380c-bce1-14f94cef9d0e,8af3b144-0e1a-3c90-937d-81a4ed026080,Latasha666 Fay398,F,GENERAL PRACTICE,800 WASHINGTON STREET,NORWOOD,MA,020623489,42.1886973,-71.2005241,50,0
6c142801-4fa1-38c6-a9a2-c04d9655c7b2,c5742266-625d-3824-9ed3-4b5c6bc3e296,Rod343 Goyette777,M,GENERAL PRACTICE,22 BRAMHALL ST,SCITUATE,MA,020664312,42.1939754,-70.7697128,138,0
fbd240a3-5ec5-3bf6-b801-d17187461130,e8d0fea4-45cb-32d3-8798-0fe6156c4409,Dannie881 Howell947,F,GENERAL PRACTICE,265 ESSEX STREET,BEVERLY,MA,019151958,42.56513015,-70.86168781456092,1,0
414281e3-d819-32f3-982d-941b8723063f,e5b9db6a-8dd8-3622-b9ce-3dc593e111d1,Harvey63 Tromp100,M,GENERAL PRACTICE,1223 BEACON ST STE A,BROOKLINE,MA,024465332,42.3430087,-71.1170155,49,0
38717365-9f8f-3d62-a64b-d459d0a73146,36c8b677-a6ce-3266-b71e-ed86d778d0fa,Rebekah348 Rippin620,F,GENERAL PRACTICE,300 FRIBERG PKWY,WESTBOROUGH,MA,015813900,42.28350315,-71.58027718702151,38,0
044bbe65-f777-391f-9025-3663e9938776,aad05540-c9cb-3805-b3c4-f9b9d9b42b2e,Arla414 Fritsch593,F,GENERAL PRACTICE,821 E MAIN ST STE 3,CHICOPEE,MA,010206306,42.155774795300516,-72.55672263289513,140,0
ab40417e-9bfe-3e13-85fa-803842f0bb4d,19a3afba-b409-3650-a0ab-f3faf6e391ef,Patrina117 Strosin214,F,GENERAL PRACTICE,199 REEDSDALE RD,WALTHAM,MA,024511433,42.3756401,-71.2358004,5,0
2e68550d-e61e-37e3-90b4-66c74e1c3be5,76b7dbb5-0a02-32a4-9a01-3511f7e45016,Emerita401 Satterfield305,F,GENERAL PRACTICE,59 COUNTRY WAY,SCITUATE,MA,020663746,42.1806871,-70.74862935148246,25,0
3ca1e913-dd66-39d5-8c58-36a0612564fb,b826cbda-f69b-32d0-9e6e-edcb80f692bb,Kisha966 Beahan375,F,GENERAL PRACTICE,169 VALENTINE ROAD,PITTSFIELD,MA,012013042,42.45821049070386,-73.27683573566691,5,0
ace57075-d619-3c04-a4f1-fe711159eca3,671a8184-bf6f-3ec2-b307-3ff70e604912,Janeth814 Hyatt152,F,GENERAL PRACTICE,405 GROVE ST,WORCESTER,MA,016041086,42.28737115,-71.80791697272812,36,0
ad1aa88d-e32f-33f8-8696-c109d0baf9fb,c9aabcbd-d4e0-391f-8980-d0be6934ea82,Lindsay928 Leffler128,M,GENERAL PRACTICE,340 PLEASANT ST,BROCKTON,MA,023013236,42.08764334999999,-71.03287346676532,26,0
49b5a613-6b79-38d5-8f78-0cdc6c821b80,d6c165ec-d9ca-35a5-9bc8-2061cbfb83a2,Linn541 Lynch190,F,GENERAL PRACTICE,10 ADAMS ST,NORTH CHELMSFORD,MA,018631780,42.6389249,-71.3840196,52,0
24c620b3-98a3-3f47-8913-6115f022cbae,cbebae9e-f95e-3d2c-9712-289ea8d6aeec,Jacobo456 Vergara204,M,GENERAL PRACTICE,49 ROBINWOOD AVENUE,QUINCY,MA,021698130,42.2509914,-71.0037374,58,0
4127451a-c688-3fec-9139-6fe8f1ae79fe,a8f1424c-00bc-3403-8db5-cd600978f3a4,Mariana775 Menéndez746,F,GENERAL PRACTICE,8 BURNHAM ST,TURNERS FALLS,MA,013761816,42.6042523,-72.5564777,3,0
b1a00cc7-1eb3-357f-afbf-33b1a69a7b7f,471f7ca2-38f8-3080-8109-187c73ec0b1f,Reginia455 Johnson679,F,GENERAL PRACTICE,27 CONGRESS ST,SALEM,MA,019707308,42.518722068313224,-70.88940635956651,83,0
8055024d-325a-3010-a7e1-b9f69667a90e,20df65a4-7567-3066-b680-0f71b0c31d38,Kristina583 Bashirian201,F,GENERAL PRACTICE,242 GREEN ST,GARDNER,MA,014401336,42.58685735,-71.98748072431209,170,0
7a22b14e-2edb-39cc-bad2-8dfaba94d075,7dcab1ad-0e13-3700-9eb0-70767c5e2b55,Dana512 Wilkinson796,F,GENERAL PRACTICE,1515 ALLEN ST,SPRINGFIELD,MA,011181803,42.095299499999996,-72.50943136142334,20,0
106695d4-c68a-3cd6-9517-70b2ce6176c0,1494b446-f1aa-3752-8d9c-8eb801059e77,Matthew562 Bailey598,M,GENERAL PRACTICE,439 COLUMBIA RD,HANOVER,MA,023392393,42.108043699999996,-70.81047504431497,32,0
f85c23fc-61da-3752-9e11-7d212e395d8a,e7722de2-0e62-3dc9-a163-a7003956673b,Charlena802 Lockman863,F,GENERAL PRACTICE,1 EDGEWATER DRIVE  SUITE 103,NORWOOD,MA,020624669,42.16153305,-71.20162617190071,2,0
08c8f040-6e57-3b94-9172-41b3b31da3e1,b9a91cbd-3263-31d9-9cff-55873cf8b2e2,Danita413 Becker968,F,GENERAL PRACTICE,25 Bond Street,Springfield,MA,01104,42.110065,-72.60007,222,0
74430d83-0657-394b-8835-2d710de99ac3,af8566eb-8918-3ec7-ba44-92b6a2cf8097,Madelaine318 Walker122,F,GENERAL PRACTICE,81 HIGHLAND AVE,SALEM,MA,019702714,42.5112107,-70.90516241826194,184,0
4587ce9c-ffee-34fa-8318-84a2c92e1a4c,a036cdf2-bbc5-3ffd-987f-56e437fd8b74,Lashanda692 Gutmann970,F,GENERAL PRACTICE,265 N MAIN ST,SOUTH YARMOUTH,MA,026642083,41.680980000000005,-70.18292625685085,6,0
60ebf2b9-aa16-394e-8e56-6d8086f4bf6c,4f5e8f16-a31b-3071-8556-d7188ede313d,Barrett790 Wolf938,M,GENERAL PRACTICE,575 BEECH ST,HOLYOKE,MA,010402223,42.20105435,-72.628169560868,12,0
a989cad8-281a-379f-9aef-b9a3d16271f8,ae3eab22-8868-37bb-9a59-2b8bfe14bf34,Elise948 Smitham825,F,GENERAL PRACTICE,2033 MAIN STREET,ATHOL,MA,01331,42.58522105,-72.20868129339888,56,0
b4de9b4d-285b-38ec-809b-3432ad02d486,071a898d-3535-39fd-bf61-d33301aacd04,Jefferey580 Luettgen772,M,GENERAL PRACTICE,104 CHARLES ELDRIDGE RD,LAKEVILLE,MA,023471370,41.8459353,-70.9494854,67,0
d9653946-362e-3ba7-b9d0-74d8d1796df5,41f66e18-8eb7-32f2-9371-7df5bf2b8d21,Noma845 Mraz590,F,GENERAL PRACTICE,170 UNIVERSITY DRIVE,GREENFIELD,MA,013011238,42.6097476,-72.5979752,1,0
03c66085-d8ce-3a8c-87fa-d5528ae9a3f4,0e6c3ad1-24c1-34cb-bb6d-e8438fa319e2,Eufemia350 Casper496,F,GENERAL PRACTICE,50 DODGE ST,SWAMPSCOTT,MA,019071300,42.4699241,-70.9171507,1,0
d61a585b-47c6-3729-8f8d-dc18056d557f,43ee6bb5-8efa-3bfc-8ca8-1579a5267753,Shawanna357 Roob72,F,GENERAL PRACTICE,235 N PEARL ST,BROCKTON,MA,023011794,42.09805395,-71.0609587194362,4,0
d0bb183b-d201-3dfb-8478-cf96678ae27a,3695125c-c052-3ece-898a-2a6448987ae5,Sean831 DuBuque211,M,GENERAL PRACTICE,2040 BOSTON RD STE 5,WILBRAHAM,MA,010951380,42.150295650000004,-72.47288272264812,13,0
89acbaff-f24d-3c8f-a6d9-e8a90a2974cd,05fcf001-ab24-3d7d-85f7-f64942d82738,Leonarda398 Schumm995,F,GENERAL PRACTICE,250 POND STREET,FRAMINGHAM,MA,017014592,42.2838619,-71.4093719,85,0
dadff68d-f32a-3a3f-9eb1-d8b110fdd7cc,0e3a24c3-b772-3059-b3fd-8a4710068a82,Rex53 Gerhold939,M,GENERAL PRACTICE,416 BROADWAY,RAYNHAM,MA,027671737,41.940680799999996,-71.07864352196617,41,0
4769c843-c182-3ecb-9d4f-2c8dce946ed1,8dcaef28-eeff-348a-b5f6-cc14f3cf5ec8,Gonzalo160 Rodríguez701,M,GENERAL PRACTICE,135 BENTON DRIVE,EAST LONGMEADOW,MA,010283117,42.05060015,-72.53143410709065,3,0
8d2a7e88-4a61-3055-be78-bf1caebb71b5,9adfae03-673d-365d-9052-f705098fa3e4,Sharilyn202 Wolff180,F,GENERAL PRACTICE,51 BLOSSOM ST,BOSTON,MA,021142699,42.36305545,-71.06643399281765,196,0
4ee1794e-1e8d-3e3b-8320-e609731557e3,25431f9a-00e4-36d8-9810-4125328eec50,Paris331 Ruecker817,M,GENERAL PRACTICE,55 FRUIT ST,WALTHAM,MA,02451,42.3756401,-71.2358004,7,0
f927363f-d3c3-36ec-858c-92ff352f2e9c,01bde980-bf89-3138-8912-7360dff33247,Bradly656 Lang846,M,GENERAL PRACTICE,456 PARK AVE,WORCESTER,MA,016101254,42.25512735,-71.82580924803523,3,0
70da8a65-b380-3c1a-97a3-31817b69c037,8a6e21d0-da20-3378-8176-4e5ad2b51983,Eduardo902 Méndez913,M,GENERAL PRACTICE,84 ELM STREET,HOLLISTON,MA,017462138,42.20234485,-71.42493275079366,5,0
d26c7abc-6d37-347c-8563-8ac4ec60df4e,e2a8b444-9b8f-36ff-84c4-05ee98589482,Francisco472 Gusikowski974,F,GENERAL PRACTICE,8 SHIPWAY PL # C-8,CHARLESTOWN,MA,021294301,42.3778749,-71.0619957,61,0
d202fcb1-b98f-3bc1-9102-82c5b0346e79,121b0ad1-1beb-3caa-9271-3d3f726bb727,Kyoko885 Price929,F,GENERAL PRACTICE,1030 MAIN STREET,WALTHAM,MA,024517447,42.375828,-71.2527956,2,0
787d665f-8148-3817-92a4-0f95552fc304,db60692f-cbef-315b-9fce-38a7f015c482,Kathi607 Hilpert278,F,GENERAL PRACTICE,72 SHARPE STREET,SCITUATE,MA,020664534,42.1939754,-70.7697128,92,0
0838579c-59e1-37ee-9ed9-6de05df97f72,e1892a2c-6dca-3c4c-93b7-0e00a9eb8b61,Maragaret140 Erdman779,F,GENERAL PRACTICE,20 EAST ST,HANOVER,MA,023391638,42.1278249,-70.82664947485381,34,0
c48a07dd-e21c-357b-9e23-7d60ce121f2f,b954c464-11ea-312b-a3f8-1350775bfa54,Rupert654 Walker122,M,GENERAL PRACTICE,123 CAPTAIN'S ROW,CHELSEA,MA,021504019,42.3917638,-71.0328284,4,0
8f0a3b78-fa8e-361e-af7d-c94cd719ac27,95f6c328-96dd-3fb8-a56e-9aad566094b4,Milda157 Schoen8,F,GENERAL PRACTICE,4 STONY HILL ROAD,WILBRAHAM,MA,010951027,42.1552861,-72.48384800788648,5,0
c7345ada-9537-317a-8355-614d25bf9c5b,53f086de-2fc7-3d35-92c2-aca4ed944e7f,Carisa395 Kutch271,F,GENERAL PRACTICE,1 GENERAL ST,LAWRENCE,MA,018412961,42.7097143,-71.15007700778098,14,0
5053c59c-2f74-3246-9fda-cf2fbe4f6972,0e061004-bcc0-3e99-a237-d700823e817b,Kizzie166 Lehner980,F,GENERAL PRACTICE,570 BALDWINVILLE RD,BALDWINVILLE,MA,014361351,42.5953045,-72.07447782689232,47,0
54bcf08c-de1b-3b93-96ff-882e358939db,de3cc142-803a-3ed4-8945-75ec88a84784,Julio255 Rivas297,M,GENERAL PRACTICE,51 HOSPITAL ROAD,BALDWINVILLE,MA,014361215,42.6108483,-72.0608364,4,0
984600a0-1e7e-3097-a672-8c47b358d5ca,0592d4e5-a0fb-3143-83cd-8e5a6b066a96,Anderson154 Lemke654,M,GENERAL PRACTICE,20 EAST ST,HANOVER,MA,023391638,42.1278249,-70.82664947485381,18,0
b42b7ea6-522c-3457-8b4d-39a8236cecc0,6b9c5830-a278-38ff-887f-ccefd74cf8e8,Rodney21 Hettinger594,M,GENERAL PRACTICE,184 LINCOLN STREET,NORTH EASTON,MA,023561799,42.06665855,-71.11947646404934,7,0
